{
    "mse": 0.7685376118065228,
    "rmse": 0.8766627697162249,
    "mae": 0.6850040127719434,
    "r2": 0.23213535060604717
}